/*
Navicat MySQL Data Transfer

Source Server         : localhost
Source Server Version : 50721
Source Host           : localhost:3306
Source Database       : mybatisdemo

Target Server Type    : MYSQL
Target Server Version : 50721
File Encoding         : 65001

Date: 2018-08-02 16:18:29
*/

SET FOREIGN_KEY_CHECKS=0;

-- ----------------------------
-- Table structure for items
-- ----------------------------
DROP TABLE IF EXISTS `items`;
CREATE TABLE `items` (
  `id` int(11) NOT NULL AUTO_INCREMENT,
  `name` varchar(32) NOT NULL COMMENT '商品名称',
  `price` float(10,1) NOT NULL COMMENT '商品定价',
  `detail` text COMMENT '商品描述',
  `pic` varchar(64) DEFAULT NULL COMMENT '商品图片',
  `createtime` datetime NOT NULL COMMENT '生产日期',
  PRIMARY KEY (`id`)
) ENGINE=InnoDB AUTO_INCREMENT=5 DEFAULT CHARSET=utf8;

-- ----------------------------
-- Records of items
-- ----------------------------
INSERT INTO `items` VALUES ('1', '台式机', '3540.0', '该电脑质量非常好！！！！', null, '2015-02-03 13:22:53');
INSERT INTO `items` VALUES ('2', '笔记本', '6000.0', '笔记本性能好，质量好！！！！！', null, '2015-02-09 13:22:57');
INSERT INTO `items` VALUES ('3', '背包', '200.0', '名牌背包，容量大质量好！！！！', null, '2015-02-06 13:23:02');
INSERT INTO `items` VALUES ('4', '手机', '5000.0', null, null, '2018-08-02 12:07:31');

-- ----------------------------
-- Table structure for orderdetail
-- ----------------------------
DROP TABLE IF EXISTS `orderdetail`;
CREATE TABLE `orderdetail` (
  `id` int(11) NOT NULL AUTO_INCREMENT,
  `orders_id` int(11) NOT NULL COMMENT '订单id',
  `items_id` int(11) NOT NULL COMMENT '商品id',
  `items_num` int(11) DEFAULT NULL COMMENT '商品购买数量',
  PRIMARY KEY (`id`),
  KEY `FK_orderdetail_1` (`orders_id`),
  KEY `FK_orderdetail_2` (`items_id`),
  CONSTRAINT `FK_orderdetail_1` FOREIGN KEY (`orders_id`) REFERENCES `orders` (`id`) ON DELETE NO ACTION ON UPDATE NO ACTION,
  CONSTRAINT `FK_orderdetail_2` FOREIGN KEY (`items_id`) REFERENCES `items` (`id`) ON DELETE NO ACTION ON UPDATE NO ACTION
) ENGINE=InnoDB AUTO_INCREMENT=5 DEFAULT CHARSET=utf8;

-- ----------------------------
-- Records of orderdetail
-- ----------------------------
INSERT INTO `orderdetail` VALUES ('1', '3', '1', '1');
INSERT INTO `orderdetail` VALUES ('2', '3', '2', '3');
INSERT INTO `orderdetail` VALUES ('3', '4', '3', '4');
INSERT INTO `orderdetail` VALUES ('4', '4', '2', '3');

-- ----------------------------
-- Table structure for orders
-- ----------------------------
DROP TABLE IF EXISTS `orders`;
CREATE TABLE `orders` (
  `id` int(11) NOT NULL AUTO_INCREMENT,
  `user_id` int(11) NOT NULL COMMENT '下单用户id',
  `number` varchar(32) NOT NULL COMMENT '订单号',
  `createtime` datetime NOT NULL COMMENT '创建订单时间',
  `note` varchar(100) DEFAULT NULL COMMENT '备注',
  PRIMARY KEY (`id`),
  KEY `FK_orders_1` (`user_id`),
  CONSTRAINT `FK_orders_id` FOREIGN KEY (`user_id`) REFERENCES `user` (`id`) ON DELETE NO ACTION ON UPDATE NO ACTION
) ENGINE=InnoDB AUTO_INCREMENT=6 DEFAULT CHARSET=utf8;

-- ----------------------------
-- Records of orders
-- ----------------------------
INSERT INTO `orders` VALUES ('3', '1', '100010', '2015-02-04 13:22:35', null);
INSERT INTO `orders` VALUES ('4', '1', '100011', '2015-02-03 13:22:41', null);
INSERT INTO `orders` VALUES ('5', '2', '100012', '2015-02-12 16:13:23', null);

-- ----------------------------
-- Table structure for user
-- ----------------------------
DROP TABLE IF EXISTS `user`;
CREATE TABLE `user` (
  `id` int(11) NOT NULL AUTO_INCREMENT,
  `name` varchar(255) DEFAULT NULL,
  `age` int(11) DEFAULT NULL,
  PRIMARY KEY (`id`)
) ENGINE=InnoDB AUTO_INCREMENT=6 DEFAULT CHARSET=utf8;

-- ----------------------------
-- Records of user
-- ----------------------------
INSERT INTO `user` VALUES ('1', 'chenxiang', '20');
INSERT INTO `user` VALUES ('2', '张六', '18');
